{
  "isolation_forest": {
    "f1": 0.35738831615120276,
    "accuracy": 0.9376666666666666
  },
  "random_forest": {
    "f1": 0.7333333333333333,
    "accuracy": 0.9733333333333334
  },
  "xgboost": {
    "f1": 0.709480122324159,
    "accuracy": 0.9683333333333334
  },
  "autoencoder": {
    "f1": 0.31095406360424027,
    "accuracy": 0.935
  },
  "sequence_detector": {
    "f1": 0.5378151260504201,
    "accuracy": 0.9633333333333334
  }
}