{
  "amount": 0.059860129710739826,
  "hour": 0.023588612778305602,
  "day_of_week": 0.005656144675545838,
  "freq_7d": 0.08750529739825319,
  "is_round": 0.00550482996508352,
  "country_risk": 0.35318215343045084,
  "sender_id": 0.14554115334761988,
  "receiver_id": 0.14610361564646962,
  "velocity_1h": 0.015778726189496342,
  "velocity_24h": 0.01694401369889695,
  "velocity_7d": 0.021803277853164906,
  "avg_tx_amount": 0.044129244253767214,
  "std_tx_amount": 0.034873645455007506,
  "amount_zscore": 0.027942586750036254,
  "unique_receivers_7d": 0.01149306519662868,
  "is_new_receiver": 9.35036505338213e-05
}