{
  "amount": 0.6139771342277527,
  "hour": 0.13160020112991333,
  "day_of_week": 0.03954353183507919,
  "freq_7d": 0.4815709590911865,
  "is_round": 0.08154590427875519,
  "country_risk": 2.1028244495391846,
  "sender_id": 0.7659671902656555,
  "receiver_id": 0.8846184015274048,
  "velocity_1h": 0.13714997470378876,
  "velocity_24h": 0.14998750388622284,
  "velocity_7d": 0.13234440982341766,
  "avg_tx_amount": 0.1553611010313034,
  "std_tx_amount": 0.1798706203699112,
  "amount_zscore": 0.1620064228773117,
  "unique_receivers_7d": 0.16615323722362518,
  "is_new_receiver": 0.0026453437749296427
}